"Data","Último","Abertura","Máxima","Mínima","Vol.","Var%"
"23.12.2021","9,49","9,58","9,79","9,32","5,48M","-0,42%"
"22.12.2021","9,53","9,58","9,89","9,41","8,69M","0,21%"
"21.12.2021","9,51","9,98","10,10","9,44","7,31M","-3,65%"
"20.12.2021","9,87","9,90","10,36","9,73","9,24M","-3,80%"
"17.12.2021","10,26","10,78","10,78","10,02","15,26M","-6,04%"
"16.12.2021","10,92","11,71","11,90","10,74","8,06M","-5,21%"
"15.12.2021","11,52","10,99","11,55","10,61","9,51M","4,07%"
"14.12.2021","11,07","12,30","12,35","11,01","8,30M","-7,67%"
"13.12.2021","11,99","12,41","13,15","11,91","7,96M","-3,38%"
"10.12.2021","12,41","12,12","12,74","12,00","6,17M","4,81%"
"09.12.2021","11,84","12,42","13,09","11,68","12,67M","-5,66%"
"08.12.2021","12,55","12,28","12,77","11,98","9,21M","1,37%"
"07.12.2021","12,38","11,29","12,38","11,27","11,36M","12,14%"
"06.12.2021","11,04","11,17","11,64","11,00","7,37M","-0,45%"
"03.12.2021","11,09","10,87","11,85","10,82","10,52M","-0,98%"
"02.12.2021","11,20","11,70","11,82","11,06","9,81M","-1,50%"
"01.12.2021","11,37","12,36","12,70","11,23","9,61M","-4,85%"
"30.11.2021","11,95","12,35","12,99","11,81","9,74M","-4,40%"
"29.11.2021","12,50","12,50","12,95","12,14","12,83M","3,99%"
"26.11.2021","12,02","11,99","12,27","11,63","6,60M","-4,98%"
"25.11.2021","12,65","12,14","13,12","12,14","6,94M","4,72%"
"24.11.2021","12,08","11,40","12,42","11,26","8,37M","2,81%"
"23.11.2021","11,75","12,20","12,26","10,95","11,34M","-1,09%"
"22.11.2021","11,88","13,59","13,94","11,86","12,94M","-12,65%"
"19.11.2021","13,60","13,04","14,16","12,62","9,97M","3,19%"
"18.11.2021","13,18","13,55","13,89","12,93","7,86M","-1,72%"
"17.11.2021","13,41","14,76","14,86","12,99","8,53M","-6,68%"
"16.11.2021","14,37","15,17","15,42","13,88","7,27M","-3,82%"
"12.11.2021","14,94","15,95","16,30","14,50","11,27M","-5,38%"
"11.11.2021","15,79","15,07","16,45","14,97","13,20M","6,33%"
"10.11.2021","14,85","14,70","15,97","14,40","16,07M","2,56%"
"09.11.2021","14,48","14,60","14,85","14,04","11,02M","0,70%"
"08.11.2021","14,38","15,24","15,29","14,03","8,71M","-7,29%"
"05.11.2021","15,51","14,77","15,80","14,72","8,16M","6,45%"
"04.11.2021","14,57","14,97","15,55","14,33","8,55M","-3,64%"
"03.11.2021","15,12","14,85","15,72","14,20","13,80M","4,42%"
"01.11.2021","14,48","12,44","14,72","12,36","12,70M","18,40%"
"29.10.2021","12,23","13,62","13,65","12,05","9,35M","-9,14%"
"28.10.2021","13,46","13,40","14,27","13,25","10,20M","-1,03%"
"27.10.2021","13,60","13,90","14,45","13,42","10,68M","0,59%"
"26.10.2021","13,52","14,09","14,22","13,40","5,66M","-5,26%"
"25.10.2021","14,27","14,00","14,76","13,54","8,24M","4,93%"
"22.10.2021","13,60","14,21","14,38","12,79","16,45M","-6,53%"
"21.10.2021","14,55","15,67","15,85","14,17","12,11M","-10,57%"
"20.10.2021","16,27","15,65","16,57","15,39","7,42M","5,17%"
"19.10.2021","15,47","16,54","16,54","15,12","5,72M","-6,13%"
"18.10.2021","16,48","16,81","16,87","16,22","5,24M","-4,74%"
"15.10.2021","17,30","17,30","17,68","16,72","8,67M","-0,46%"
"14.10.2021","17,38","16,49","17,65","16,21","10,13M","5,53%"
"13.10.2021","16,47","15,19","16,50","15,05","10,29M","8,71%"
"11.10.2021","15,15","16,80","16,80","15,13","7,64M","-9,82%"
"08.10.2021","16,80","15,71","17,09","15,30","10,18M","7,07%"
"07.10.2021","15,69","14,59","15,93","14,50","11,69M","11,67%"
"06.10.2021","14,05","14,09","14,45","13,50","9,64M","-3,17%"
"05.10.2021","14,51","15,18","15,56","14,43","11,71M","-2,75%"
"04.10.2021","14,92","17,23","17,26","14,83","9,42M","-12,95%"
"01.10.2021","17,14","16,26","17,15","15,76","11,89M","9,31%"
"30.09.2021","15,68","16,75","17,20","15,47","9,57M","-5,83%"
"29.09.2021","16,65","17,75","18,12","16,44","7,21M","-3,70%"
"28.09.2021","17,29","19,25","19,40","16,83","10,15M","-11,70%"
"27.09.2021","19,58","20,18","20,28","19,24","4,14M","-3,69%"
"24.09.2021","20,33","19,82","21,38","19,55","5,33M","0,64%"
"23.09.2021","20,20","19,83","20,48","19,77","3,02M","2,90%"
"22.09.2021","19,63","19,49","20,26","19,49","4,76M","1,76%"
"21.09.2021","19,29","19,39","19,45","18,51","5,04M","2,33%"
"20.09.2021","18,85","19,04","19,31","18,40","6,17M","-5,23%"
"17.09.2021","19,89","20,80","20,90","19,69","8,48M","-5,10%"
"16.09.2021","20,96","21,06","21,80","20,62","7,19M","-1,50%"
"15.09.2021","21,28","21,93","21,95","21,13","4,62M","-3,45%"
"14.09.2021","22,04","21,44","22,63","21,34","6,00M","2,85%"
"13.09.2021","21,43","20,41","21,44","20,40","8,99M","7,36%"
"10.09.2021","19,96","20,96","20,97","19,88","4,37M","-1,29%"
"09.09.2021","20,22","19,02","20,78","18,93","5,80M","5,81%"
"08.09.2021","19,11","20,12","20,25","19,03","5,12M","-5,21%"
"06.09.2021","20,16","20,31","20,82","20,10","3,74M","-0,30%"
"03.09.2021","20,22","21,58","21,95","20,22","13,75M","-5,34%"
"02.09.2021","21,36","21,40","22,62","21,26","6,39M","-1,07%"
"01.09.2021","21,59","22,20","22,24","20,90","4,81M","-1,64%"
"31.08.2021","21,95","23,00","23,40","21,44","6,70M","-4,02%"
"30.08.2021","22,87","23,80","23,95","22,75","5,10M","-2,85%"
"27.08.2021","23,54","22,90","23,60","22,53","7,02M","7,24%"
"26.08.2021","21,95","21,40","22,95","21,34","10,30M","3,49%"
"25.08.2021","21,21","22,28","22,34","21,03","5,80M","-4,24%"
"24.08.2021","22,15","22,27","23,16","22,02","3,54M","0,00%"
"23.08.2021","22,15","22,15","22,76","22,13","2,96M","0,87%"
"20.08.2021","21,96","21,05","22,21","20,80","3,72M","3,05%"
"19.08.2021","21,31","20,11","21,68","19,77","5,09M","3,50%"
"18.08.2021","20,59","20,30","21,07","19,81","5,00M","1,18%"
"17.08.2021","20,35","20,97","21,17","19,28","6,99M","-4,24%"
"16.08.2021","21,25","21,33","21,78","20,93","4,18M","-1,89%"
"13.08.2021","21,66","22,33","22,51","21,21","5,20M","-1,99%"
"12.08.2021","22,10","23,75","23,95","21,71","10,25M","-6,83%"
"11.08.2021","23,72","24,64","24,64","23,50","3,87M","-3,58%"
"10.08.2021","24,60","24,32","24,84","23,90","4,41M","1,95%"
"09.08.2021","24,13","23,70","24,45","23,35","3,43M","1,56%"
"06.08.2021","23,76","23,30","23,98","23,02","3,72M","1,97%"
"05.08.2021","23,30","23,40","24,05","23,08","4,62M","0,56%"
"04.08.2021","23,17","23,96","24,14","23,10","3,12M","-3,30%"
"03.08.2021","23,96","23,70","24,37","22,82","4,22M","0,80%"
"02.08.2021","23,77","24,40","25,23","23,73","5,06M","-0,42%"
"30.07.2021","23,87","24,92","25,08","23,44","5,73M","-4,79%"
"29.07.2021","25,07","25,46","25,60","24,72","2,93M","-1,49%"
"28.07.2021","25,45","25,56","26,24","25,15","4,19M","-0,43%"
"27.07.2021","25,56","26,44","26,50","24,97","5,27M","-3,91%"
"26.07.2021","26,60","26,83","27,43","26,38","4,09M","-1,19%"
"23.07.2021","26,92","27,68","27,81","26,80","3,61M","-2,11%"
"22.07.2021","27,50","28,45","28,63","27,40","4,19M","-3,51%"
"21.07.2021","28,50","27,80","28,95","27,62","5,13M","3,41%"
"20.07.2021","27,56","27,91","27,99","27,16","3,24M","-0,61%"
"19.07.2021","27,73","27,09","27,73","26,56","4,75M","0,84%"
"16.07.2021","27,50","27,49","27,89","26,92","4,72M","0,73%"
"15.07.2021","27,30","27,28","27,66","26,68","6,36M","0,26%"
"14.07.2021","27,23","25,81","27,31","25,67","9,51M","6,66%"
"13.07.2021","25,53","26,12","26,64","25,29","4,21M","-2,07%"
"12.07.2021","26,07","25,54","26,30","25,50","3,54M","3,21%"
"08.07.2021","25,26","24,88","25,35","24,55","3,25M","-0,82%"
"07.07.2021","25,47","25,86","26,15","24,54","5,09M","-0,20%"
"06.07.2021","25,52","25,91","26,35","25,12","3,66M","-0,89%"
"05.07.2021","25,75","26,48","26,96","25,55","3,47M","-1,76%"
"02.07.2021","26,21","25,90","26,43","25,69","2,57M","1,55%"
"01.07.2021","25,81","26,58","26,70","25,52","4,31M","-1,34%"
"30.06.2021","26,16","24,89","26,30","24,89","5,62M","6,21%"
"29.06.2021","24,63","23,90","24,96","23,83","5,30M","3,36%"
"28.06.2021","23,83","23,48","24,25","23,41","3,13M","1,62%"
"25.06.2021","23,45","23,68","24,19","23,31","3,27M","-0,04%"
"24.06.2021","23,46","24,43","24,74","23,25","6,59M","-3,14%"
"23.06.2021","24,22","23,68","24,53","23,63","4,05M","1,38%"
"22.06.2021","23,89","23,00","24,23","23,00","6,04M","2,71%"
"21.06.2021","23,26","23,04","23,40","22,67","2,90M","0,65%"
"18.06.2021","23,11","23,10","23,45","22,43","4,71M","0,04%"
"17.06.2021","23,10","22,08","23,65","21,93","9,60M","3,91%"
"16.06.2021","22,23","21,05","22,62","20,71","9,04M","5,41%"
"15.06.2021","21,09","21,30","21,46","20,75","2,46M","-1,13%"
"14.06.2021","21,33","21,38","21,80","21,25","2,21M","-0,79%"
"11.06.2021","21,50","22,00","22,15","21,32","1,54M","-1,92%"
"10.06.2021","21,92","21,65","21,98","21,09","2,05M","1,53%"
"09.06.2021","21,59","21,10","21,75","20,40","3,65M","2,61%"
"08.06.2021","21,04","21,75","21,95","20,90","3,14M","-2,73%"
"07.06.2021","21,63","22,05","22,65","21,60","3,62M","-2,35%"
"04.06.2021","22,15","22,11","22,73","21,93","3,23M","0,18%"
"02.06.2021","22,11","22,00","22,52","21,45","5,04M","0,27%"
"01.06.2021","22,05","22,81","22,93","21,80","3,73M","-3,03%"
"31.05.2021","22,74","22,27","22,98","22,01","3,46M","2,16%"
"28.05.2021","22,26","22,30","23,04","22,13","3,47M","-0,18%"
"27.05.2021","22,30","22,67","22,75","21,70","4,50M","-0,40%"
"26.05.2021","22,39","23,28","25,00","22,20","12,24M","-2,45%"
"25.05.2021","22,95","24,44","25,08","22,73","14,85M","-6,07%"
"24.05.2021","24,44","20,97","24,48","20,74","27,57M","24,04%"
"21.05.2021","19,70","20,61","20,61","19,55","7,28M","-4,06%"
"20.05.2021","20,53","19,85","21,30","19,84","12,77M","4,58%"
"19.05.2021","19,63","19,63","19,92","19,11","6,20M","-1,83%"
"18.05.2021","20,00","19,82","20,25","19,34","6,64M","1,28%"
"17.05.2021","19,75","20,00","20,30","19,63","4,04M","-1,30%"
"14.05.2021","20,01","20,36","20,71","19,89","5,97M","0,03%"
"13.05.2021","20,00","20,81","21,60","19,57","12,98M","-3,30%"
"12.05.2021","20,68","22,33","22,33","20,51","11,90M","-8,05%"
"11.05.2021","22,49","22,12","22,91","21,40","8,96M","0,96%"
"10.05.2021","22,28","23,89","24,10","22,00","8,64M","-5,53%"
"07.05.2021","23,58","23,65","23,85","23,10","6,09M","0,91%"
"06.05.2021","23,37","24,77","25,22","23,30","8,20M","-5,17%"
"05.05.2021","24,64","24,17","24,99","23,85","7,01M","2,69%"
"04.05.2021","24,00","25,80","25,96","23,62","9,59M","-6,63%"
"03.05.2021","25,70","26,22","26,59","25,31","8,96M","-1,00%"
"30.04.2021","25,96","25,94","26,44","25,57","13,32M","0,06%"
"29.04.2021","25,94","25,27","26,28","25,24","10,40M","3,46%"
"28.04.2021","25,08","24,82","25,62","24,55","9,90M","1,01%"
"27.04.2021","24,83","22,86","24,83","22,81","14,70M","8,89%"
"26.04.2021","22,80","22,77","23,04","22,42","5,48M","0,48%"
"23.04.2021","22,69","21,25","22,83","21,17","13,05M","7,48%"
"22.04.2021","21,11","21,05","21,37","20,80","5,62M","1,00%"
"20.04.2021","20,90","21,08","21,51","20,70","5,74M","-0,56%"
"19.04.2021","21,02","21,55","21,84","20,89","6,32M","-2,16%"
"16.04.2021","21,48","21,03","22,28","21,03","11,52M","3,01%"
"15.04.2021","20,85","21,04","21,40","20,46","4,82M","-0,71%"
"14.04.2021","21,00","20,89","21,34","20,57","6,77M","1,96%"
"13.04.2021","20,60","21,02","21,53","20,54","8,53M","-2,00%"
"12.04.2021","21,02","19,55","21,51","19,55","13,79M","8,26%"
"09.04.2021","19,42","19,23","19,83","19,14","6,90M","0,95%"
"08.04.2021","19,23","19,59","19,69","19,05","5,03M","-1,38%"
"07.04.2021","19,50","18,58","19,60","18,49","9,66M","4,99%"
"06.04.2021","18,58","17,79","18,67","17,68","6,08M","4,68%"
"05.04.2021","17,75","18,14","18,27","17,68","4,16M","-1,39%"
"01.04.2021","18,00","17,39","18,20","17,30","8,35M","3,63%"
"31.03.2021","17,37","17,10","17,43","16,87","5,77M","1,96%"
"30.03.2021","17,03","17,13","17,38","16,85","4,58M","0,45%"
"29.03.2021","16,96","16,99","17,48","16,77","5,15M","-0,22%"
"26.03.2021","16,99","17,22","17,73","16,63","7,33M","-0,95%"
"25.03.2021","17,16","17,93","18,02","17,07","6,53M","-4,31%"
"24.03.2021","17,93","18,60","18,80","17,67","7,49M","-3,22%"
"23.03.2021","18,53","16,93","18,61","16,89","14,48M","8,15%"
"22.03.2021","17,13","16,96","17,58","16,73","4,33M","0,93%"
"19.03.2021","16,97","16,48","17,08","16,25","7,64M","4,58%"
"18.03.2021","16,23","17,08","17,32","16,23","5,03M","-4,73%"
"17.03.2021","17,04","16,81","17,48","16,67","6,79M","0,63%"
"16.03.2021","16,93","17,05","17,24","16,38","7,61M","-0,70%"
"15.03.2021","17,05","15,57","17,37","15,52","10,55M","8,50%"
"12.03.2021","15,71","15,72","15,92","15,20","6,51M","-0,67%"
"11.03.2021","15,82","15,56","15,89","15,03","7,53M","2,42%"
"10.03.2021","15,45","15,58","15,76","15,12","5,43M","-0,32%"
"09.03.2021","15,50","15,49","15,98","15,08","8,24M","1,09%"
"08.03.2021","15,33","16,37","16,40","14,91","9,96M","-7,78%"
"05.03.2021","16,62","17,75","17,83","15,73","12,95M","-5,90%"
"04.03.2021","17,67","18,33","18,86","17,47","8,69M","-4,19%"
"03.03.2021","18,44","18,19","18,61","17,28","7,32M","1,67%"
"02.03.2021","18,14","18,31","18,91","17,95","10,38M","-2,61%"
"01.03.2021","18,62","17,29","18,71","17,10","11,40M","9,53%"
"26.02.2021","17,00","16,93","17,79","16,60","13,13M","0,24%"
"25.02.2021","16,96","17,35","18,28","16,76","11,16M","-2,19%"
"24.02.2021","17,34","17,59","17,78","17,21","5,40M","-0,42%"
"23.02.2021","17,42","17,69","17,83","17,03","5,70M","-0,57%"
"22.02.2021","17,52","17,11","17,83","16,49","7,72M","-0,40%"
"19.02.2021","17,59","16,95","17,63","16,70","7,51M","4,27%"
"18.02.2021","16,87","16,93","17,58","16,64","6,75M","0,24%"
"17.02.2021","16,83","17,12","17,30","16,58","4,30M","-1,02%"
"12.02.2021","17,00","16,28","17,07","15,96","6,41M","4,00%"
"11.02.2021","16,35","16,46","16,86","16,21","6,60M","0,51%"
"10.02.2021","16,26","17,30","17,99","16,20","13,49M","-5,52%"
"09.02.2021","17,21","17,80","17,80","16,54","10,09M","-3,39%"
"08.02.2021","17,82","16,83","17,91","16,76","6,26M","5,84%"
"05.02.2021","16,83","17,47","17,93","16,67","7,76M","-3,61%"
"04.02.2021","17,46","17,53","17,93","16,76","10,70M","0,85%"
"03.02.2021","17,32","15,73","17,42","15,45","13,88M","10,55%"
"02.02.2021","15,66","14,26","15,76","14,22","11,58M","10,80%"
"01.02.2021","14,14","14,78","14,86","14,03","6,22M","-2,62%"
"29.01.2021","14,52","14,49","15,05","14,33","8,52M","-0,62%"
"28.01.2021","14,61","13,83","14,63","13,41","11,32M","5,69%"
"27.01.2021","13,82","15,49","15,83","13,75","10,51M","-11,33%"
"26.01.2021","15,59","15,03","15,63","14,90","5,96M","3,93%"
"22.01.2021","15,00","14,65","15,15","14,40","5,27M","0,36%"
"21.01.2021","14,94","15,50","15,59","14,73","6,30M","-2,84%"
"20.01.2021","15,38","15,32","15,64","14,56","11,55M","2,10%"
"19.01.2021","15,06","14,81","16,16","14,70","20,07M","2,80%"
"18.01.2021","14,65","14,05","14,99","13,98","8,80M","5,95%"
"15.01.2021","13,83","14,20","14,72","13,80","5,78M","-3,71%"
"14.01.2021","14,36","13,97","14,42","13,68","5,71M","3,61%"
"13.01.2021","13,86","13,95","14,25","13,75","6,64M","-0,10%"
"12.01.2021","13,88","14,07","14,62","13,67","11,11M","-0,50%"
"11.01.2021","13,95","12,95","13,99","12,90","13,47M","4,21%"
"08.01.2021","13,38","11,25","13,64","11,20","25,40M","20,46%"
"07.01.2021","11,11","10,31","11,14","10,30","9,39M","7,93%"
"06.01.2021","10,29","10,53","10,67","10,29","3,88M","-1,75%"
"05.01.2021","10,48","10,73","10,97","10,40","4,99M","-2,39%"
"04.01.2021","10,73","11,12","11,27","10,65","3,93M","-2,10%"
"30.12.2020","10,96","11,43","11,48","10,85","7,45M","-3,24%"
"29.12.2020","11,33","11,36","11,65","11,18","5,03M","-0,23%"
"28.12.2020","11,36","11,19","11,45","10,97","4,39M","2,43%"
"23.12.2020","11,09","11,30","11,51","11,04","10,02M","-1,57%"
"22.12.2020","11,26","10,94","11,32","10,89","7,86M","3,55%"
"21.12.2020","10,88","10,31","11,08","10,13","9,26M","3,16%"
"18.12.2020","10,54","10,83","11,14","10,54","10,21M","-2,65%"
"17.12.2020","10,83","10,38","10,88","10,38","6,38M","4,50%"
"16.12.2020","10,36","10,06","10,42","9,94","5,58M","3,22%"
"15.12.2020","10,04","9,79","10,33","9,70","5,99M","2,87%"
"14.12.2020","9,76","9,48","9,83","9,36","5,86M","2,59%"
"11.12.2020","9,51","8,91","9,64","8,87","7,57M","6,13%"
"10.12.2020","8,96","8,88","9,06","8,68","4,47M","0,52%"
"09.12.2020","8,92","8,71","9,10","8,66","5,94M","2,92%"
"08.12.2020","8,66","8,60","8,86","8,53","3,58M","0,54%"
"07.12.2020","8,62","8,95","9,00","8,51","3,39M","-3,54%"
"04.12.2020","8,93","8,91","8,97","8,75","3,77M","0,41%"
"03.12.2020","8,90","8,48","9,10","8,43","9,29M","5,33%"
"02.12.2020","8,45","8,59","8,72","8,40","5,88M","-1,63%"
"01.12.2020","8,59","8,25","8,61","8,11","7,79M","5,61%"
"30.11.2020","8,13","7,87","8,17","7,80","5,80M","3,39%"
"27.11.2020","7,86","7,86","7,92","7,75","2,93M","0,47%"
"26.11.2020","7,83","7,72","7,84","7,56","6,56M","1,34%"
"25.11.2020","7,72","7,54","7,79","7,50","3,98M","2,25%"
"24.11.2020","7,55","7,51","7,68","7,41","5,29M","0,18%"
"23.11.2020","7,54","7,67","7,78","7,39","8,11M","-1,61%"
"20.11.2020","7,66","7,33","7,81","7,28","10,02M","4,83%"
"19.11.2020","7,31","7,17","7,35","7,10","5,28M","1,48%"
"18.11.2020","7,20","7,23","7,31","7,00","7,06M","0,93%"
"17.11.2020","7,14","7,21","7,49","7,05","6,08M","-1,38%"
"16.11.2020","7,24","7,32","7,42","7,10","10,23M","-0,87%"
"13.11.2020","7,30","6,46","7,31","6,46","17,44M","11,73%"
"12.11.2020","6,53","6,31","6,53","6,26","6,11M","3,59%"
"11.11.2020","6,31","6,33","6,48","6,17","3,77M","-0,63%"
"10.11.2020","6,35","6,67","6,75","6,33","5,70M","-5,08%"
"09.11.2020","6,69","6,88","6,96","6,54","5,37M","-0,79%"
"06.11.2020","6,74","6,46","6,74","6,34","5,69M","2,79%"
"05.11.2020","6,56","6,16","6,58","6,04","9,71M","8,07%"
"04.11.2020","6,07","5,68","6,09","5,57","7,24M","9,37%"
"03.11.2020","5,55","5,70","5,76","5,47","5,03M","0,91%"
"30.10.2020","5,50","5,90","5,95","5,47","9,30M","-6,52%"
"29.10.2020","5,88","6,05","6,08","5,79","8,96M","-2,97%"
"28.10.2020","6,06","6,28","6,28","6,03","5,12M","-4,61%"
"27.10.2020","6,35","6,59","6,68","6,33","4,12M","-3,25%"
"26.10.2020","6,57","6,76","6,84","6,49","4,06M","-3,29%"
"23.10.2020","6,79","6,98","7,09","6,73","4,29M","-2,02%"
"22.10.2020","6,93","6,90","7,06","6,85","4,71M","1,32%"
"21.10.2020","6,84","6,66","6,96","6,66","3,83M","1,99%"
"20.10.2020","6,71","6,72","6,80","6,66","3,71M","0,65%"
"19.10.2020","6,66","6,76","6,87","6,61","4,32M","-0,79%"
"16.10.2020","6,72","6,91","6,99","6,67","3,50M","-2,84%"
"15.10.2020","6,91","6,86","7,05","6,76","4,90M","0,00%"
"14.10.2020","6,91","7,03","7,07","6,80","5,36M","-1,33%"
"13.10.2020","7,01","6,90","7,11","6,83","4,42M","1,79%"
"09.10.2020","6,88","6,81","6,95","6,75","3,17M","1,42%"
"08.10.2020","6,79","6,86","6,96","6,74","3,92M","-1,07%"
"07.10.2020","6,86","6,81","6,90","6,72","4,67M","1,08%"
"06.10.2020","6,79","6,52","6,81","6,51","6,05M","4,62%"
"05.10.2020","6,49","6,55","6,70","6,40","4,16M","-0,41%"
"02.10.2020","6,51","6,46","6,66","6,41","4,65M","-0,66%"
"01.10.2020","6,56","6,22","6,56","6,17","8,57M","5,41%"
"30.09.2020","6,22","6,04","6,23","6,02","7,47M","3,09%"
"29.09.2020","6,04","6,04","6,08","5,86","6,49M","-0,66%"
"28.09.2020","6,08","6,03","6,27","5,96","5,85M","2,24%"
"25.09.2020","5,94","6,02","6,08","5,92","2,30M","-1,71%"
"24.09.2020","6,05","5,86","6,12","5,76","4,72M","3,24%"
"23.09.2020","5,86","5,92","6,13","5,80","6,45M","-0,45%"
"22.09.2020","5,88","5,92","6,02","5,69","6,84M","-0,51%"
"21.09.2020","5,91","5,99","6,03","5,80","8,45M","-4,06%"
"18.09.2020","6,16","6,54","6,59","6,08","16,88M","-5,81%"
"17.09.2020","6,54","6,66","6,73","6,49","5,95M","-2,14%"
"16.09.2020","6,68","6,68","6,81","6,55","4,63M","0,45%"
"15.09.2020","6,65","6,80","6,87","6,59","4,58M","-1,72%"
"14.09.2020","6,77","6,45","6,86","6,45","5,70M","5,01%"
"11.09.2020","6,45","6,67","6,70","6,39","5,59M","-2,52%"
"10.09.2020","6,61","6,64","6,76","6,49","6,89M","-0,85%"
"09.09.2020","6,67","6,82","6,92","6,66","7,20M","-1,62%"
"08.09.2020","6,78","7,01","7,07","6,61","10,60M","-4,77%"
"04.09.2020","7,12","7,50","7,53","6,93","12,06M","-4,04%"
"03.09.2020","7,42","8,04","8,16","7,38","12,15M","-8,05%"
"02.09.2020","8,07","7,53","8,13","7,52","19,03M","7,22%"
"01.09.2020","7,53","7,58","7,60","7,27","9,39M","0,80%"
"31.08.2020","7,47","7,45","7,62","7,20","6,88M","0,00%"
"28.08.2020","7,46","7,51","7,65","7,28","10,19M","-2,35%"
"27.08.2020","7,64","6,91","7,64","6,90","15,63M","10,77%"
"26.08.2020","6,90","7,13","7,19","6,70","5,53M","-2,36%"
"25.08.2020","7,07","7,16","7,26","7,05","2,61M","-0,61%"
"24.08.2020","7,11","7,15","7,29","7,10","4,06M","0,00%"
"21.08.2020","7,11","6,93","7,11","6,86","5,97M","3,24%"
"20.08.2020","6,88","6,56","6,89","6,47","5,20M","2,48%"
"19.08.2020","6,72","6,80","6,92","6,62","3,32M","-1,27%"
"18.08.2020","6,80","6,50","6,80","6,34","5,17M","6,35%"
"17.08.2020","6,40","6,76","6,91","6,17","7,71M","-5,42%"
"14.08.2020","6,76","7,04","7,07","6,70","4,27M","-4,61%"
"13.08.2020","7,09","6,92","7,21","6,92","5,22M","3,20%"
"12.08.2020","6,87","6,93","7,02","6,68","5,72M","0,24%"
"11.08.2020","6,85","7,26","7,31","6,85","4,40M","-5,12%"
"10.08.2020","7,22","7,36","7,40","7,08","3,99M","-1,41%"
"07.08.2020","7,33","7,18","7,43","7,11","5,73M","1,34%"
"06.08.2020","7,23","6,96","7,25","6,90","5,01M","3,83%"
"05.08.2020","6,96","6,91","7,12","6,91","3,95M","1,95%"
"04.08.2020","6,83","7,09","7,30","6,79","7,04M","-4,21%"
"03.08.2020","7,13","6,93","7,24","6,62","7,28M","3,98%"
"31.07.2020","6,86","6,79","6,99","6,67","4,19M","1,38%"
"30.07.2020","6,76","6,63","6,89","6,54","4,36M","0,40%"
"29.07.2020","6,74","6,47","6,82","6,43","7,54M","5,86%"
"28.07.2020","6,36","6,33","6,37","6,19","4,92M","0,85%"
"27.07.2020","6,31","6,15","6,39","6,14","5,63M","2,82%"
"24.07.2020","6,14","5,95","6,16","5,76","5,12M","2,39%"
"23.07.2020","6,00","6,06","6,18","5,91","3,87M","-1,42%"
"22.07.2020","6,08","5,90","6,14","5,86","6,88M","2,82%"
"21.07.2020","5,92","5,81","5,93","5,73","5,27M","2,66%"
"20.07.2020","5,76","5,69","5,81","5,69","5,01M","1,23%"
"17.07.2020","5,69","5,63","5,78","5,61","4,92M","1,18%"
"16.07.2020","5,63","5,53","5,68","5,46","3,07M","0,84%"
"15.07.2020","5,58","5,55","5,66","5,50","3,41M","1,33%"
"14.07.2020","5,51","5,58","5,62","5,41","6,00M","0,24%"
"13.07.2020","5,49","5,81","5,90","5,46","10,58M","-4,85%"
"10.07.2020","5,77","5,32","5,78","5,26","12,63M","9,34%"
"09.07.2020","5,28","5,26","5,32","5,11","2,79M","0,57%"
"08.07.2020","5,25","5,08","5,25","5,05","2,71M","3,75%"
"07.07.2020","5,06","5,14","5,26","5,04","4,13M","-1,62%"
"06.07.2020","5,14","5,20","5,36","5,14","6,26M","0,49%"
"03.07.2020","5,12","5,05","5,13","4,88","3,10M","1,65%"
"02.07.2020","5,03","5,22","5,31","4,99","10,65M","-2,13%"
"01.07.2020","5,14","4,81","5,15","4,73","11,46M","7,50%"
"30.06.2020","4,79","5,00","5,14","4,67","10,10M","-4,51%"
"29.06.2020","5,01","4,77","5,03","4,60","11,98M","8,49%"
"26.06.2020","4,62","4,44","4,88","4,41","16,63M","3,96%"
"25.06.2020","4,44","4,19","4,44","4,13","7,65M","6,96%"
"24.06.2020","4,15","4,28","4,44","4,13","6,22M","-3,85%"
"23.06.2020","4,32","4,34","4,60","4,26","17,90M","1,56%"
"22.06.2020","4,25","3,87","4,25","3,80","15,02M","12,08%"
"19.06.2020","3,79","4,00","4,10","3,79","10,61M","-3,71%"
"18.06.2020","3,94","4,00","4,10","3,94","3,01M","-1,66%"
"17.06.2020","4,01","3,99","4,12","3,96","3,04M","0,67%"
"16.06.2020","3,98","4,15","4,22","3,96","7,03M","-1,07%"
"15.06.2020","4,02","3,83","4,09","3,65","8,12M","1,34%"
"12.06.2020","3,97","3,69","3,97","3,59","4,53M","2,58%"
"10.06.2020","3,87","4,15","4,23","3,87","5,79M","-4,90%"
"09.06.2020","4,07","4,16","4,18","4,06","4,99M","-3,92%"
"08.06.2020","4,24","4,32","4,38","4,19","10,76M","-2,67%"
"05.06.2020","4,35","4,33","4,42","4,12","8,82M","4,80%"
"04.06.2020","4,15","3,99","4,17","3,87","5,32M","1,63%"
"03.06.2020","4,09","4,11","4,17","4,01","8,81M","2,41%"
"02.06.2020","3,99","4,25","4,33","3,99","8,56M","-4,23%"
"01.06.2020","4,17","3,89","4,20","3,87","10,79M","8,10%"
"29.05.2020","3,85","3,79","3,85","3,70","3,72M","1,49%"
"28.05.2020","3,80","3,87","3,95","3,76","5,45M","-1,55%"
"27.05.2020","3,86","3,92","4,04","3,70","11,10M","0,00%"
"26.05.2020","3,85","3,47","3,86","3,47","13,13M","12,73%"
"25.05.2020","3,42","3,16","3,43","3,15","8,61M","10,17%"
"22.05.2020","3,10","2,97","3,12","2,90","8,17M","4,24%"
"21.05.2020","2,98","2,99","3,02","2,89","10,22M","0,56%"
"20.05.2020","2,96","3,02","3,16","2,95","12,31M","-5,71%"
"19.05.2020","3,14","3,14","3,27","3,12","4,41M","0,00%"
"18.05.2020","3,14","3,07","3,15","2,98","4,18M","6,30%"
"15.05.2020","2,95","3,03","3,05","2,91","4,62M","-2,20%"
"14.05.2020","3,02","2,92","3,02","2,87","4,30M","1,79%"
"13.05.2020","2,97","2,87","2,97","2,82","5,55M","3,24%"
"12.05.2020","2,87","2,95","2,97","2,76","8,09M","-2,26%"
"11.05.2020","2,94","2,94","3,02","2,89","6,25M","0,23%"
"08.05.2020","2,93","2,99","3,03","2,92","8,64M","-1,78%"
"07.05.2020","2,99","3,12","3,15","2,92","13,33M","-3,33%"
"06.05.2020","3,09","3,09","3,15","3,04","5,08M","-0,96%"
"05.05.2020","3,12","3,09","3,18","3,05","10,66M","2,18%"
"04.05.2020","3,05","3,03","3,05","2,94","5,69M","-1,61%"
"30.04.2020","3,10","3,25","3,30","3,10","5,01M","-4,11%"
"29.04.2020","3,24","3,29","3,32","3,16","5,68M","0,83%"
"28.04.2020","3,21","3,12","3,27","3,10","6,23M","3,87%"
"27.04.2020","3,09","3,06","3,15","3,00","4,34M","3,33%"
"24.04.2020","2,99","3,24","3,28","2,83","11,09M","-9,27%"
"23.04.2020","3,30","3,19","3,36","3,16","9,09M","3,87%"
"22.04.2020","3,17","3,23","3,27","3,09","5,88M","0,53%"
"20.04.2020","3,16","3,02","3,17","2,94","7,98M","3,04%"
"17.04.2020","3,06","3,12","3,12","3,00","5,93M","1,32%"
"16.04.2020","3,02","3,22","3,25","3,00","8,85M","-4,11%"
"15.04.2020","3,15","3,20","3,23","3,11","8,24M","-3,16%"
"14.04.2020","3,26","3,23","3,42","3,20","11,13M","2,08%"
"13.04.2020","3,19","3,12","3,36","3,07","11,37M","2,13%"
"09.04.2020","3,12","3,15","3,37","3,12","7,38M","0,86%"
"08.04.2020","3,10","3,09","3,19","3,05","4,19M","1,19%"
"07.04.2020","3,06","3,22","3,29","3,04","4,75M","-0,22%"
"06.04.2020","3,07","3,26","3,34","3,07","7,48M","-0,97%"
"03.04.2020","3,10","3,45","3,46","3,03","5,21M","-10,90%"
"02.04.2020","3,48","3,52","3,56","3,31","2,72M","2,35%"
"01.04.2020","3,40","3,38","3,46","3,22","2,47M","-3,28%"
"31.03.2020","3,51","3,65","3,71","3,34","4,79M","-2,04%"
"30.03.2020","3,58","3,76","3,91","3,58","3,97M","-4,59%"
"27.03.2020","3,76","3,68","3,76","3,51","7,29M","-4,31%"
"26.03.2020","3,93","3,35","3,93","3,25","8,65M","17,00%"
"25.03.2020","3,36","3,31","3,64","3,28","7,07M","2,33%"
"24.03.2020","3,28","3,18","3,39","3,15","5,95M","9,89%"
"23.03.2020","2,98","2,73","3,01","2,62","8,54M","5,88%"
"20.03.2020","2,82","2,69","2,95","2,62","18,61M","18,06%"
"19.03.2020","2,39","2,06","2,48","1,92","13,29M","4,35%"
"18.03.2020","2,29","2,62","2,64","2,01","8,80M","-17,86%"
"17.03.2020","2,79","2,79","2,88","2,58","12,63M","2,56%"
"16.03.2020","2,72","2,79","2,85","2,62","10,81M","-17,94%"
"13.03.2020","3,31","3,18","3,31","2,73","9,66M","26,33%"
"12.03.2020","2,62","2,42","2,82","2,41","7,23M","-20,20%"
"11.03.2020","3,28","3,59","3,91","3,10","9,51M","-10,97%"
"10.03.2020","3,69","3,52","3,69","3,41","8,12M","14,64%"
"09.03.2020","3,22","3,81","3,81","3,22","10,62M","-22,71%"
"06.03.2020","4,16","4,33","4,39","4,05","7,61M","-8,46%"
"05.03.2020","4,55","5,00","5,00","4,47","4,61M","-8,42%"
"04.03.2020","4,96","5,07","5,14","4,90","3,03M","-0,73%"
"03.03.2020","5,00","5,12","5,20","4,89","3,66M","-2,14%"
"02.03.2020","5,11","5,12","5,22","4,98","4,16M","0,65%"
"28.02.2020","5,08","4,69","5,08","4,66","5,43M","5,59%"
"27.02.2020","4,81","4,79","5,12","4,60","5,45M","-0,14%"
"26.02.2020","4,81","4,87","4,88","4,74","3,99M","-6,08%"
"21.02.2020","5,13","5,07","5,21","5,05","2,75M","0,00%"
"20.02.2020","5,13","5,09","5,24","5,02","4,83M","0,78%"
"19.02.2020","5,09","5,09","5,16","4,99","4,88M","-1,54%"
"18.02.2020","5,17","5,17","5,17","5,04","3,67M","-1,89%"
"17.02.2020","5,27","5,32","5,37","5,16","3,91M","-0,63%"
"14.02.2020","5,30","5,35","5,44","5,26","3,36M","-0,25%"
"13.02.2020","5,32","5,55","5,69","5,32","7,27M","-3,55%"
"12.02.2020","5,51","5,39","5,60","5,35","5,38M","3,55%"
"11.02.2020","5,32","5,25","5,45","5,20","3,85M","3,48%"
"10.02.2020","5,14","5,43","5,43","5,14","4,97M","-5,31%"
"07.02.2020","5,43","5,64","5,64","5,37","3,52M","-4,15%"
"06.02.2020","5,67","5,66","5,68","5,49","5,39M","1,12%"
"05.02.2020","5,60","5,69","5,75","5,54","5,59M","0,00%"
"04.02.2020","5,60","5,64","5,70","5,54","5,46M","2,11%"
"03.02.2020","5,49","5,29","5,51","5,18","4,48M","3,70%"
"31.01.2020","5,29","5,38","5,40","5,29","2,47M","-2,21%"
"30.01.2020","5,41","5,45","5,49","5,26","6,40M","-2,63%"
"29.01.2020","5,56","5,69","5,75","5,48","4,11M","-1,12%"
"28.01.2020","5,62","5,64","5,79","5,60","3,05M","-0,29%"
"27.01.2020","5,64","5,90","5,92","5,64","4,77M","-5,87%"
"24.01.2020","5,99","6,12","6,22","5,99","3,61M","-1,85%"
"23.01.2020","6,10","6,10","6,19","5,98","3,95M","0,16%"
"22.01.2020","6,09","6,23","6,25","5,91","6,47M","-0,16%"
"21.01.2020","6,10","6,23","6,38","6,08","7,21M","-1,34%"
"20.01.2020","6,18","6,16","6,32","6,15","3,63M","0,27%"
"17.01.2020","6,17","6,37","6,42","6,13","6,05M","-2,87%"
"16.01.2020","6,35","6,07","6,38","6,00","8,76M","6,04%"
"15.01.2020","5,99","5,97","6,05","5,89","4,77M","1,46%"
"14.01.2020","5,90","5,94","6,00","5,76","4,97M","-1,06%"
"13.01.2020","5,97","6,03","6,16","5,91","9,90M","1,07%"
"10.01.2020","5,90","5,87","6,08","5,86","13,89M","3,13%"
"09.01.2020","5,72","5,76","5,79","5,58","4,50M","-0,69%"
"08.01.2020","5,76","5,82","5,88","5,64","6,98M","-0,86%"
"07.01.2020","5,81","5,74","5,90","5,56","17,58M","1,62%"
"06.01.2020","5,72","5,28","5,74","5,22","17,87M","7,95%"
"03.01.2020","5,30","5,09","5,31","5,05","8,23M","1,78%"
"02.01.2020","5,21","5,29","5,31","5,03","8,19M","0,13%"
"30.12.2019","5,20","5,00","5,29","5,00","7,99M","4,10%"
"27.12.2019","4,99","5,05","5,12","4,98","4,47M","-1,18%"
"26.12.2019","5,05","4,90","5,06","4,83","5,30M","3,39%"
"23.12.2019","4,89","4,95","4,98","4,84","4,63M","-1,20%"
"20.12.2019","4,95","4,93","4,99","4,89","4,14M","0,34%"
"19.12.2019","4,93","4,97","4,99","4,90","3,74M","-1,26%"
"18.12.2019","4,99","5,00","5,10","4,97","3,51M","0,20%"
"17.12.2019","4,98","5,07","5,07","4,97","2,32M","-1,63%"
"16.12.2019","5,07","5,04","5,13","4,96","6,88M","1,19%"
"13.12.2019","5,01","4,97","5,04","4,81","6,76M","0,80%"
"12.12.2019","4,97","5,26","5,29","4,97","13,51M","-5,36%"
"11.12.2019","5,25","5,22","5,29","5,17","3,21M","1,47%"
"10.12.2019","5,17","5,32","5,32","5,17","3,01M","-2,38%"
"09.12.2019","5,30","5,26","5,37","5,25","4,37M","0,69%"
"06.12.2019","5,26","5,22","5,32","5,17","5,69M","1,21%"
"05.12.2019","5,20","5,15","5,27","5,11","5,62M","1,29%"
"04.12.2019","5,13","5,05","5,18","5,02","6,10M","2,04%"
"03.12.2019","5,03","5,00","5,04","4,93","3,46M","1,27%"
"02.12.2019","4,97","4,99","5,09","4,91","5,22M","-0,40%"
"29.11.2019","4,99","4,84","5,01","4,81","8,04M","3,15%"
"28.11.2019","4,84","4,67","4,90","4,59","7,04M","3,99%"
"27.11.2019","4,65","4,69","4,76","4,61","6,25M","2,48%"
"26.11.2019","4,54","4,80","4,84","4,54","15,10M","-4,86%"
"25.11.2019","4,77","4,96","5,02","4,72","5,00M","-3,94%"
"22.11.2019","4,96","4,99","5,04","4,94","3,49M","0,00%"
"21.11.2019","4,96","4,87","5,05","4,87","5,46M","2,11%"
"19.11.2019","4,86","4,97","5,09","4,81","6,75M","-1,67%"
"18.11.2019","4,94","5,03","5,17","4,91","11,35M","0,20%"
"14.11.2019","4,93","4,49","4,94","4,49","16,74M","11,61%"
"13.11.2019","4,42","4,49","4,56","4,30","16,20M","-3,61%"
"12.11.2019","4,59","4,92","4,92","4,58","12,95M","-7,91%"
"11.11.2019","4,98","5,00","5,04","4,91","9,20M","-2,21%"
"08.11.2019","5,09","5,23","5,27","5,07","7,25M","-3,27%"
"07.11.2019","5,27","5,38","5,46","5,23","18,62M","-5,69%"
"06.11.2019","5,58","5,50","5,59","5,45","2,88M","1,57%"
"05.11.2019","5,50","5,60","5,60","5,48","2,61M","-0,66%"
"04.11.2019","5,53","5,62","5,69","5,53","3,73M","-1,59%"
"01.11.2019","5,62","5,70","5,76","5,59","3,36M","-0,93%"
"31.10.2019","5,68","5,83","5,84","5,67","2,70M","-2,50%"
"30.10.2019","5,82","5,77","5,84","5,71","3,47M","1,85%"
"29.10.2019","5,72","5,63","5,79","5,55","5,11M","1,53%"
"28.10.2019","5,63","5,58","5,66","5,50","2,66M","0,95%"
"25.10.2019","5,58","5,48","5,58","5,44","2,37M","1,75%"
"24.10.2019","5,48","5,58","5,61","5,37","4,37M","-1,37%"
"23.10.2019","5,56","5,63","5,64","5,54","3,23M","-1,12%"
"22.10.2019","5,62","5,67","5,67","5,53","3,71M","-0,12%"
"21.10.2019","5,63","5,57","5,64","5,51","3,34M","1,13%"
"18.10.2019","5,56","5,60","5,66","5,54","3,18M","-0,41%"
"17.10.2019","5,59","5,62","5,73","5,53","7,35M","-0,35%"
"16.10.2019","5,61","5,70","5,71","5,49","9,95M","-1,57%"
"15.10.2019","5,70","5,96","6,15","5,63","16,08M","-2,77%"
"14.10.2019","5,86","5,68","5,94","5,65","14,90M","4,67%"
"11.10.2019","5,60","5,43","5,60","5,37","9,55M","4,97%"
"10.10.2019","5,33","5,60","5,77","5,32","21,37M","-3,88%"
"09.10.2019","5,55","5,18","5,55","4,97","12,62M","8,27%"
"08.10.2019","5,12","5,10","5,22","4,95","9,70M","-0,19%"
"07.10.2019","5,13","5,21","5,26","5,08","8,48M","-3,49%"
"04.10.2019","5,32","5,58","5,65","5,29","8,40M","-3,83%"
"03.10.2019","5,53","5,85","5,91","5,52","8,40M","-4,73%"
"02.10.2019","5,81","5,96","6,03","5,75","6,61M","-4,31%"
"01.10.2019","6,07","6,26","6,28","6,02","4,13M","-2,87%"
"30.09.2019","6,25","6,29","6,33","6,24","1,60M","-0,79%"
"27.09.2019","6,30","6,37","6,39","6,29","1,97M","-0,89%"
"26.09.2019","6,35","6,37","6,45","6,30","2,78M","0,00%"
"25.09.2019","6,35","6,31","6,40","6,14","3,25M","0,47%"
"24.09.2019","6,32","6,44","6,50","6,30","2,00M","-1,80%"
"23.09.2019","6,44","6,45","6,47","6,34","3,87M","-1,22%"
"20.09.2019","6,52","6,48","6,55","6,25","7,00M","1,44%"
"19.09.2019","6,43","6,48","6,56","6,41","3,92M","-0,15%"
"18.09.2019","6,44","6,29","6,46","6,26","3,52M","2,05%"
"17.09.2019","6,31","6,32","6,44","6,23","4,51M","-0,99%"
"16.09.2019","6,37","6,51","6,51","6,25","7,74M","4,45%"
"13.09.2019","6,10","6,15","6,27","6,07","4,82M","-0,91%"
"12.09.2019","6,15","6,22","6,31","6,05","5,03M","-0,48%"
"11.09.2019","6,18","5,87","6,18","5,85","7,40M","6,80%"
"10.09.2019","5,79","6,07","6,14","5,68","9,64M","-4,48%"
"09.09.2019","6,06","6,39","6,44","6,01","7,26M","-5,03%"
"06.09.2019","6,38","6,56","6,62","6,35","3,73M","-2,28%"
"05.09.2019","6,53","6,55","6,63","6,52","3,34M","0,25%"
"04.09.2019","6,51","6,68","6,73","6,49","3,90M","-1,10%"
"03.09.2019","6,59","6,67","6,79","6,58","3,89M","-1,19%"
"02.09.2019","6,67","6,63","6,75","6,56","8,31M","1,51%"
"30.08.2019","6,57","6,90","6,93","6,57","10,05M","-3,17%"
"29.08.2019","6,78","6,97","7,05","6,78","8,39M","-0,97%"
"28.08.2019","6,85","6,51","6,94","6,41","12,04M","4,55%"
"27.08.2019","6,55","6,53","6,60","6,21","9,34M","1,23%"
"26.08.2019","6,47","6,77","6,94","6,47","7,19M","-2,15%"
"23.08.2019","6,61","6,62","7,01","6,54","12,14M","-3,57%"
"22.08.2019","6,86","7,11","7,23","6,62","16,36M","-1,43%"
"21.08.2019","6,96","6,56","7,00","6,45","19,94M","5,63%"
"20.08.2019","6,59","5,92","6,74","5,62","27,28M","6,76%"
"19.08.2019","6,17","6,60","6,71","6,05","19,92M","-5,33%"
"16.08.2019","6,52","7,29","7,38","5,97","37,01M","-6,64%"
"15.08.2019","6,98","7,97","8,14","6,87","31,21M","-10,21%"
"14.08.2019","7,78","7,41","7,93","7,39","28,70M","6,33%"
"13.08.2019","7,31","7,06","7,36","6,81","16,66M","6,25%"
"12.08.2019","6,88","6,91","7,18","6,78","17,74M","2,06%"
"09.08.2019","6,74","6,49","6,83","6,43","20,97M","5,71%"
"08.08.2019","6,38","5,77","6,38","5,77","12,17M","10,68%"
"07.08.2019","5,76","5,64","5,76","5,58","4,57M","2,17%"
"06.08.2019","5,64","5,69","5,77","5,59","3,55M","0,12%"
"05.08.2019","5,63","5,69","5,81","5,58","5,05M","-3,40%"
"02.08.2019","5,83","5,89","5,95","5,51","20,78M","-0,17%"
"01.08.2019","5,84","5,74","5,91","5,66","23,00M","7,36%"
"31.07.2019","5,44","5,26","5,79","5,25","42,52M","4,44%"
"30.07.2019","5,21","5,29","5,31","4,83","38,88M","16,32%"
"29.07.2019","4,48","4,63","4,63","4,47","3,61M","-2,38%"
"26.07.2019","4,59","4,57","4,65","4,51","8,22M","0,22%"
"25.07.2019","4,58","4,58","4,62","4,51","5,08M","0,95%"
"24.07.2019","4,54","4,66","4,68","4,54","5,98M","-2,63%"
"23.07.2019","4,66","4,59","4,67","4,48","10,02M","2,33%"
"22.07.2019","4,55","4,56","4,62","4,49","5,48M","0,00%"
"19.07.2019","4,56","4,55","4,63","4,46","15,24M","1,25%"
"18.07.2019","4,50","4,54","4,58","4,42","7,94M","0,00%"
"17.07.2019","4,50","4,67","4,71","4,47","16,64M","-2,16%"
"16.07.2019","4,60","4,26","4,60","4,10","26,94M","6,03%"
"15.07.2019","4,33","4,53","4,53","4,31","13,75M","-4,17%"
"12.07.2019","4,52","4,79","4,85","4,45","20,69M","-1,65%"
"11.07.2019","4,60","4,30","4,73","4,24","62,85M","-0,64%"
"10.07.2019","4,63","5,06","5,46","4,63","82,11M","-2,78%"
"08.07.2019","4,76","4,54","4,82","4,47","51,12M","10,86%"
"05.07.2019","4,29","4,04","4,48","4,04","53,52M","9,44%"
"04.07.2019","3,92","3,67","3,92","3,62","28,33M","10,33%"
"03.07.2019","3,56","3,46","3,56","3,45","15,43M","3,20%"
"02.07.2019","3,45","3,42","3,46","3,37","7,22M","1,13%"
"01.07.2019","3,41","3,39","3,42","3,39","6,85M","1,46%"
"28.06.2019","3,36","3,37","3,40","3,36","12,34M","0,34%"
"27.06.2019","3,35","3,25","3,35","3,19","13,84M","3,40%"
"26.06.2019","3,24","3,30","3,33","3,23","5,59M","-1,93%"
"25.06.2019","3,30","3,29","3,32","3,25","5,28M","0,49%"
"24.06.2019","3,29","3,31","3,41","3,27","11,35M","-0,81%"
"21.06.2019","3,31","3,31","3,31","3,25","102,93M","0,82%"
"19.06.2019","3,29","3,29","3,33","3,27","16,45M","-0,20%"
"18.06.2019","3,29","3,30","3,33","3,27","8,64M","1,03%"
"17.06.2019","3,26","3,38","3,39","3,23","18,96M","-2,93%"
"14.06.2019","3,36","3,36","3,42","3,33","5,65M","0,33%"
"13.06.2019","3,35","3,45","3,49","3,33","7,77M","-1,94%"
"12.06.2019","3,41","3,54","3,60","3,41","11,36M","-3,28%"
"11.06.2019","3,53","3,59","3,63","3,53","12,81M","-0,47%"
"10.06.2019","3,54","3,50","3,54","3,37","11,31M","1,43%"
"07.06.2019","3,49","3,49","3,57","3,47","10,02M","1,60%"
"06.06.2019","3,44","3,32","3,45","3,11","25,99M","4,92%"
"05.06.2019","3,28","3,52","3,52","3,28","14,16M","-6,94%"
"04.06.2019","3,52","3,68","3,71","3,52","8,23M","-3,18%"
"03.06.2019","3,64","3,70","3,74","3,62","14,76M","-1,70%"
"31.05.2019","3,70","3,82","3,82","3,70","7,39M","-3,24%"
"30.05.2019","3,82","3,84","3,92","3,81","8,99M","-0,16%"
"29.05.2019","3,83","3,76","3,85","3,73","16,12M","1,61%"
"28.05.2019","3,77","3,61","3,77","3,61","19,56M","4,52%"
"27.05.2019","3,61","3,58","3,63","3,57","6,06M","1,46%"
"24.05.2019","3,55","3,55","3,60","3,49","6,89M","0,23%"
"23.05.2019","3,55","3,49","3,55","3,45","4,75M","1,91%"
"22.05.2019","3,48","3,53","3,60","3,45","8,61M","-1,50%"
"21.05.2019","3,53","3,38","3,57","3,38","9,60M","5,30%"
"20.05.2019","3,36","3,17","3,40","3,17","11,72M","5,47%"
"17.05.2019","3,18","3,25","3,30","3,14","11,61M","-2,02%"
"16.05.2019","3,25","3,13","3,31","3,06","18,51M","4,42%"
"15.05.2019","3,11","3,03","3,11","3,00","11,67M","2,36%"
"14.05.2019","3,04","3,18","3,21","2,99","10,39M","-2,82%"
"13.05.2019","3,13","3,25","3,25","3,12","8,02M","-4,25%"
"10.05.2019","3,26","3,38","3,45","3,26","5,78M","-3,15%"
"09.05.2019","3,37","3,44","3,49","3,35","5,47M","-1,91%"
"08.05.2019","3,44","3,50","3,52","3,44","7,27M","-1,34%"
"07.05.2019","3,48","3,49","3,52","3,41","4,67M","0,00%"
"06.05.2019","3,48","3,47","3,53","3,45","4,79M","-1,60%"
"03.05.2019","3,54","3,50","3,54","3,35","10,71M","1,05%"
"02.05.2019","3,50","3,58","3,68","3,45","12,81M","-1,82%"
"30.04.2019","3,57","3,57","3,59","3,53","4,73M","1,40%"
"29.04.2019","3,52","3,55","3,62","3,52","8,65M","-0,56%"
"26.04.2019","3,54","3,54","3,55","3,48","4,21M","0,57%"
"25.04.2019","3,52","3,52","3,55","3,48","8,06M","0,57%"
"24.04.2019","3,50","3,46","3,52","3,43","17,78M","2,04%"
"23.04.2019","3,43","3,55","3,66","3,41","19,41M","-2,00%"
"22.04.2019","3,50","3,32","3,57","3,32","21,58M","6,06%"
"18.04.2019","3,30","3,14","3,32","3,10","12,33M","6,45%"
"17.04.2019","3,10","3,00","3,15","2,96","16,14M","4,03%"
"16.04.2019","2,98","2,99","3,02","2,95","3,43M","-0,33%"
"15.04.2019","2,99","3,05","3,08","2,99","3,38M","-1,64%"
"12.04.2019","3,04","2,98","3,11","2,98","7,91M","0,33%"
"11.04.2019","3,03","3,10","3,16","2,97","20,11M","-1,94%"
"10.04.2019","3,09","3,16","3,16","3,07","3,19M","-1,90%"
"09.04.2019","3,15","3,16","3,16","3,11","2,58M","0,00%"
"08.04.2019","3,15","3,19","3,20","3,14","7,86M","-1,25%"
"05.04.2019","3,19","3,10","3,19","3,01","4,77M","3,57%"
"04.04.2019","3,08","3,10","3,13","3,06","6,14M","-0,32%"
"03.04.2019","3,09","3,08","3,18","3,05","10,46M","1,31%"
"02.04.2019","3,05","2,95","3,05","2,94","4,91M","3,74%"
"01.04.2019","2,94","2,92","3,02","2,92","14,57M","1,03%"
"29.03.2019","2,91","2,85","2,98","2,85","5,09M","2,46%"
"28.03.2019","2,84","2,91","2,91","2,77","16,82M","-2,74%"
"27.03.2019","2,92","2,94","3,02","2,89","13,90M","-1,68%"
"26.03.2019","2,97","2,72","2,99","2,71","19,17M","10,41%"
"25.03.2019","2,69","2,63","2,77","2,56","7,42M","1,89%"
"22.03.2019","2,64","2,63","2,74","2,63","11,24M","-1,12%"
"21.03.2019","2,67","2,66","2,67","2,60","12,70M","0,38%"
"20.03.2019","2,66","2,55","2,69","2,55","27,45M","4,31%"
"19.03.2019","2,55","2,47","2,58","2,47","31,20M","3,66%"
"18.03.2019","2,46","2,44","2,52","2,43","7,48M","1,23%"
"15.03.2019","2,43","2,39","2,43","2,38","8,75M","1,25%"
"14.03.2019","2,40","2,40","2,41","2,36","4,64M","0,00%"
"13.03.2019","2,40","2,40","2,41","2,35","11,30M","0,00%"
"12.03.2019","2,40","2,36","2,41","2,32","15,17M","1,69%"
"11.03.2019","2,36","2,27","2,37","2,26","7,91M","3,51%"
"08.03.2019","2,28","2,23","2,29","2,21","7,90M","2,24%"
"07.03.2019","2,23","2,20","2,23","2,20","6,32M","1,36%"
"06.03.2019","2,20","2,20","2,20","2,14","3,13M","0,00%"
"01.03.2019","2,20","2,10","2,21","2,10","4,79M","4,76%"
"28.02.2019","2,10","2,13","2,14","2,07","6,25M","-0,94%"
"27.02.2019","2,12","2,15","2,16","2,12","4,66M","-0,93%"
"26.02.2019","2,14","2,17","2,18","2,10","4,42M","-1,38%"
"25.02.2019","2,17","2,21","2,22","2,15","4,73M","-1,81%"
"22.02.2019","2,21","2,19","2,22","2,18","5,09M","0,91%"
"21.02.2019","2,19","2,20","2,20","2,18","2,07M","-0,45%"
"20.02.2019","2,20","2,23","2,24","2,17","2,72M","-0,90%"
"19.02.2019","2,22","2,24","2,25","2,20","11,64M","-0,89%"
"18.02.2019","2,24","2,21","2,24","2,18","2,75M","1,82%"
"15.02.2019","2,20","2,14","2,21","2,12","3,93M","3,29%"
"14.02.2019","2,13","2,13","2,15","2,09","5,85M","0,00%"
"13.02.2019","2,13","2,16","2,16","2,10","8,61M","-0,47%"
"12.02.2019","2,14","2,23","2,26","2,14","8,14M","-3,60%"
"11.02.2019","2,22","2,25","2,27","2,20","3,55M","-0,89%"
"08.02.2019","2,24","2,36","2,36","2,22","7,69M","-4,68%"
"07.02.2019","2,35","2,36","2,38","2,34","2,42M","-0,42%"
"06.02.2019","2,36","2,37","2,37","2,33","6,96M","-0,42%"
"05.02.2019","2,37","2,34","2,37","2,33","3,79M","1,28%"
"04.02.2019","2,34","2,30","2,34","2,28","3,65M","1,74%"
"01.02.2019","2,30","2,30","2,32","2,25","4,20M","0,00%"
"31.01.2019","2,30","2,23","2,32","2,23","6,05M","3,14%"
"30.01.2019","2,23","2,21","2,26","2,21","3,68M","1,36%"
"29.01.2019","2,20","2,17","2,23","2,16","7,38M","1,38%"
"28.01.2019","2,17","2,22","2,22","2,12","15,90M","-3,98%"
"24.01.2019","2,26","2,30","2,30","2,20","31,66M","-5,04%"
"23.01.2019","2,38","2,38","2,40","2,36","2,54M","0,42%"
"22.01.2019","2,37","2,39","2,41","2,33","7,34M","0,00%"
"21.01.2019","2,37","2,32","2,38","2,32","6,72M","2,16%"
"18.01.2019","2,32","2,32","2,36","2,31","6,05M","0,87%"
"17.01.2019","2,30","2,23","2,30","2,23","10,73M","4,07%"
"16.01.2019","2,21","2,21","2,21","2,16","4,25M","0,91%"
"15.01.2019","2,19","2,23","2,31","2,16","14,50M","-1,79%"
"14.01.2019","2,23","2,15","2,23","2,15","7,85M","4,21%"
"11.01.2019","2,14","2,16","2,18","2,14","13,45M","-0,93%"
"10.01.2019","2,16","2,20","2,20","2,13","4,27M","-1,37%"
"09.01.2019","2,19","2,21","2,22","2,14","7,88M","0,00%"
"08.01.2019","2,19","2,12","2,23","2,12","20,49M","4,78%"
"07.01.2019","2,09","2,08","2,10","2,07","2,93M","0,48%"
"04.01.2019","2,08","2,13","2,13","2,06","14,23M","-0,95%"
"03.01.2019","2,10","2,09","2,18","2,09","10,09M","-3,23%"
"02.01.2019","2,17","2,12","2,19","2,10","5,36M","2,84%"
"28.12.2018","2,11","2,14","2,16","2,11","8,26M","-1,40%"
"27.12.2018","2,14","2,11","2,14","2,08","3,20M","1,42%"
"26.12.2018","2,11","2,14","2,14","2,11","9,75M","-2,31%"
"21.12.2018","2,16","2,12","2,16","2,11","22,01M","1,89%"
"20.12.2018","2,12","2,09","2,15","2,05","6,75M","1,44%"
"19.12.2018","2,09","2,09","2,10","2,08","5,63M","1,46%"
"18.12.2018","2,06","2,05","2,09","2,04","6,26M","0,00%"
"17.12.2018","2,06","2,17","2,20","2,03","7,75M","-5,07%"
"14.12.2018","2,17","2,17","2,21","2,14","3,64M","-0,46%"
"13.12.2018","2,18","2,19","2,23","2,18","5,22M","0,00%"
"12.12.2018","2,18","2,16","2,23","2,13","9,15M","0,46%"
"11.12.2018","2,17","2,26","2,27","2,11","11,26M","-2,69%"
"10.12.2018","2,23","2,19","2,24","2,16","16,44M","2,76%"
"07.12.2018","2,17","2,15","2,19","2,14","6,35M","1,40%"
"06.12.2018","2,14","2,13","2,19","2,09","6,78M","0,00%"
"05.12.2018","2,14","2,11","2,17","2,11","5,84M","1,42%"
"04.12.2018","2,11","2,14","2,15","2,08","6,80M","-1,40%"
"03.12.2018","2,14","2,19","2,22","2,14","9,09M","-0,93%"
"30.11.2018","2,16","2,15","2,19","2,11","10,60M","0,47%"
"29.11.2018","2,15","2,07","2,15","2,05","15,87M","4,88%"
"28.11.2018","2,05","2,06","2,09","2,03","8,63M","0,00%"
"27.11.2018","2,05","2,07","2,13","1,99","20,16M","-0,49%"
"26.11.2018","2,06","1,90","2,06","1,89","13,99M","8,99%"
"23.11.2018","1,89","1,88","1,93","1,86","10,02M","0,00%"
"22.11.2018","1,89","1,88","1,90","1,84","9,56M","0,53%"
"21.11.2018","1,88","1,92","1,92","1,84","6,98M","-2,08%"
"19.11.2018","1,92","1,94","1,96","1,91","6,31M","-0,52%"
"16.11.2018","1,93","2,00","2,02","1,91","10,14M","-1,03%"
"14.11.2018","1,95","1,90","2,00","1,82","19,94M","2,09%"
"13.11.2018","1,91","2,08","2,08","1,87","20,32M","-8,17%"
"12.11.2018","2,08","2,22","2,22","2,08","7,80M","-5,02%"
"09.11.2018","2,19","2,19","2,24","2,17","3,63M","-1,35%"
"08.11.2018","2,22","2,29","2,32","2,18","6,32M","-2,20%"
"07.11.2018","2,27","2,23","2,31","2,16","6,94M","2,25%"
"06.11.2018","2,22","2,28","2,29","2,22","3,23M","-3,06%"
"05.11.2018","2,29","2,36","2,39","2,25","8,13M","-2,14%"
"01.11.2018","2,34","2,35","2,38","2,25","13,60M","2,18%"
"31.10.2018","2,29","2,22","2,35","2,13","19,34M","4,57%"
"30.10.2018","2,19","2,34","2,34","2,17","10,81M","-4,78%"
"29.10.2018","2,30","2,48","2,48","2,27","6,94M","-3,77%"
"26.10.2018","2,39","2,40","2,47","2,37","7,78M","-0,42%"
"25.10.2018","2,40","2,48","2,51","2,37","7,72M","-1,64%"
"24.10.2018","2,44","2,50","2,54","2,40","12,24M","-1,61%"
"23.10.2018","2,48","2,55","2,57","2,45","13,32M","-1,98%"
"22.10.2018","2,53","2,40","2,56","2,40","14,04M","6,75%"
"19.10.2018","2,37","2,17","2,41","2,13","11,87M","10,23%"
"18.10.2018","2,15","2,11","2,17","2,07","6,08M","2,87%"
"17.10.2018","2,09","2,12","2,18","2,07","6,75M","-0,48%"
"16.10.2018","2,10","2,16","2,24","2,07","12,04M","-1,87%"
"15.10.2018","2,14","2,02","2,22","2,01","14,68M","8,63%"
"11.10.2018","1,97","1,95","1,97","1,91","6,34M","3,14%"
"10.10.2018","1,91","1,88","1,98","1,84","12,71M","-3,05%"
"09.10.2018","1,97","1,69","1,97","1,68","13,09M","17,26%"
"08.10.2018","1,68","1,64","1,73","1,64","8,98M","4,35%"
"05.10.2018","1,61","1,66","1,66","1,61","4,68M","-1,83%"
"04.10.2018","1,64","1,68","1,70","1,63","3,05M","-0,61%"
"03.10.2018","1,65","1,67","1,72","1,62","3,84M","0,00%"
"02.10.2018","1,65","1,67","1,68","1,64","6,54M","1,23%"
"01.10.2018","1,63","1,65","1,65","1,61","9,95M","-1,81%"
"28.09.2018","1,66","1,70","1,72","1,64","20,76M","-1,78%"
"27.09.2018","1,69","1,76","1,77","1,69","11,67M","-2,87%"
"26.09.2018","1,74","1,68","1,74","1,68","6,39M","4,82%"
"25.09.2018","1,66","1,62","1,66","1,61","4,47M","2,47%"
"24.09.2018","1,62","1,61","1,64","1,58","7,03M","3,18%"
"21.09.2018","1,57","1,55","1,57","1,46","7,61M","3,29%"
"20.09.2018","1,52","1,55","1,60","1,51","3,41M","-1,94%"
"19.09.2018","1,55","1,58","1,62","1,53","6,04M","-1,90%"
"18.09.2018","1,58","1,64","1,66","1,56","6,50M","-3,66%"
"17.09.2018","1,64","1,65","1,68","1,61","6,18M","0,00%"
"14.09.2018","1,64","1,60","1,66","1,60","7,17M","3,14%"
"13.09.2018","1,59","1,64","1,69","1,58","13,38M","-1,85%"
"12.09.2018","1,62","1,46","1,62","1,42","21,99M","8,72%"
"11.09.2018","1,49","1,50","1,50","1,42","7,07M","-1,97%"
"10.09.2018","1,52","1,62","1,69","1,50","11,92M","-5,59%"
"06.09.2018","1,61","1,75","1,78","1,57","23,23M","-4,73%"
"05.09.2018","1,69","1,63","1,75","1,63","22,38M","4,97%"
"04.09.2018","1,61","1,55","1,69","1,53","25,51M","5,23%"
"03.09.2018","1,53","1,48","1,55","1,47","19,36M","4,79%"
"31.08.2018","1,46","1,38","1,47","1,38","20,75M","5,80%"
"30.08.2018","1,38","1,32","1,38","1,32","17,87M","5,34%"
"29.08.2018","1,31","1,34","1,39","1,28","10,42M","-2,24%"
"28.08.2018","1,34","1,26","1,34","1,26","8,22M","6,35%"
"27.08.2018","1,26","1,20","1,26","1,19","7,72M","6,78%"
"24.08.2018","1,18","1,19","1,21","1,16","3,00M","0,00%"
"23.08.2018","1,18","1,21","1,25","1,18","14,56M","-1,67%"
"22.08.2018","1,20","1,22","1,24","1,18","11,07M","-1,64%"
"21.08.2018","1,22","1,22","1,28","1,17","4,94M","0,83%"
"20.08.2018","1,21","1,22","1,25","1,16","6,60M","-0,82%"
"17.08.2018","1,22","1,30","1,30","1,17","8,60M","-6,15%"
"16.08.2018","1,30","1,28","1,32","1,28","11,43M","3,17%"
"15.08.2018","1,26","1,18","1,27","1,17","6,88M","5,88%"
"14.08.2018","1,19","1,17","1,20","1,16","7,39M","1,71%"
"13.08.2018","1,17","1,11","1,17","1,09","4,18M","4,46%"
"10.08.2018","1,12","1,12","1,12","1,08","2,96M","0,00%"
"09.08.2018","1,12","1,08","1,13","1,08","13,45M","3,70%"
"08.08.2018","1,08","1,03","1,09","1,03","6,04M","5,88%"
"07.08.2018","1,02","1,04","1,05","1,00","6,28M","-1,92%"
"06.08.2018","1,04","0,97","1,04","0,97","8,51M","8,33%"
"03.08.2018","0,96","0,95","0,97","0,94","9,01M","1,05%"
"02.08.2018","0,95","0,94","0,96","0,94","4,86M","1,06%"
"01.08.2018","0,94","0,95","0,98","0,93","4,00M","1,08%"
"31.07.2018","0,93","0,95","0,95","0,91","1,36M","-1,06%"
"30.07.2018","0,94","0,94","0,96","0,93","740,37K","0,00%"
"27.07.2018","0,94","0,96","0,96","0,94","630,48K","0,00%"
"26.07.2018","0,94","0,97","0,97","0,94","794,41K","-2,08%"
"25.07.2018","0,96","0,96","0,98","0,94","1,98M","0,00%"
"24.07.2018","0,96","0,95","0,96","0,94","1,09M","2,13%"
"23.07.2018","0,94","0,93","0,95","0,92","1,95M","2,17%"
"20.07.2018","0,92","0,93","0,95","0,92","2,45M","1,10%"
"19.07.2018","0,91","0,96","0,97","0,88","5,43M","-3,19%"
"18.07.2018","0,94","0,93","0,98","0,93","2,94M","1,08%"
"17.07.2018","0,93","0,89","0,95","0,89","3,17M","4,49%"
"16.07.2018","0,89","0,83","0,90","0,83","2,66M","8,54%"
"13.07.2018","0,82","0,78","0,84","0,78","3,16M","5,13%"
"12.07.2018","0,78","0,76","0,79","0,76","2,69M","2,63%"
"11.07.2018","0,76","0,75","0,78","0,75","2,10M","1,33%"
"10.07.2018","0,75","0,75","0,77","0,75","3,51M","0,00%"
"06.07.2018","0,75","0,76","0,78","0,75","9,51M","-1,32%"
"05.07.2018","0,76","0,75","0,78","0,75","24,82M","1,33%"
"04.07.2018","0,75","0,75","0,75","0,74","601,66K","1,35%"
"03.07.2018","0,74","0,75","0,76","0,74","2,39M","-1,33%"
"02.07.2018","0,75","0,79","0,79","0,75","3,97M","-3,85%"
"29.06.2018","0,78","0,77","0,78","0,76","3,76M","1,30%"
"28.06.2018","0,77","0,76","0,78","0,75","2,96M","2,67%"
"27.06.2018","0,75","0,77","0,77","0,75","1,52M","-2,60%"
"26.06.2018","0,77","0,77","0,77","0,75","2,51M","1,32%"
"25.06.2018","0,76","0,76","0,77","0,76","2,92M","0,00%"
"22.06.2018","0,76","0,75","0,77","0,75","979,57K","1,33%"
"21.06.2018","0,75","0,78","0,78","0,75","1,07M","-2,60%"
"20.06.2018","0,77","0,78","0,81","0,77","2,57M","-3,75%"
"19.06.2018","0,80","0,81","0,81","0,79","4,59M","-1,23%"
"18.06.2018","0,81","0,82","0,84","0,81","793,76K","-2,41%"
"15.06.2018","0,83","0,85","0,85","0,82","6,34M","-1,19%"
"14.06.2018","0,84","0,84","0,87","0,84","1,51M","-1,18%"
"13.06.2018","0,85","0,87","0,88","0,81","1,80M","-2,30%"
"12.06.2018","0,87","0,85","0,88","0,85","2,03M","3,57%"
"11.06.2018","0,84","0,83","0,87","0,81","2,73M","3,70%"
"08.06.2018","0,81","0,80","0,83","0,78","2,33M","3,85%"
"07.06.2018","0,78","0,84","0,84","0,74","3,98M","-7,14%"
"06.06.2018","0,84","0,88","0,90","0,84","1,67M","-4,55%"
"05.06.2018","0,88","0,93","0,95","0,87","15,42M","-5,38%"
"04.06.2018","0,93","0,94","0,96","0,92","5,12M","0,00%"
"01.06.2018","0,93","0,95","0,98","0,88","4,31M","-2,11%"
"30.05.2018","0,95","0,99","1,00","0,95","3,00M","-4,04%"
"29.05.2018","0,99","0,98","1,00","0,97","6,89M","1,02%"
"28.05.2018","0,98","0,99","1,00","0,96","7,34M","-1,01%"
"25.05.2018","0,99","1,00","1,01","0,97","6,84M","-1,00%"
"24.05.2018","1,00","1,03","1,03","1,00","7,52M","-2,91%"
"23.05.2018","1,03","1,00","1,03","0,99","4,30M","3,00%"
"22.05.2018","1,00","0,99","1,01","0,99","14,02M","2,04%"
"21.05.2018","0,98","1,00","1,00","0,97","47,46M","-2,00%"
"18.05.2018","1,00","0,99","1,00","0,97","4,10M","1,01%"
"17.05.2018","0,99","0,99","1,00","0,99","1,23M","0,00%"
"16.05.2018","0,99","0,99","1,00","0,99","2,32M","0,00%"
"15.05.2018","0,99","0,99","1,01","0,98","7,59M","-1,00%"
"14.05.2018","1,00","1,00","1,01","0,97","9,09M","1,01%"